"","p0Fitted","kgFitted","Tg1Fitted","Tg2Fitted","khFitted","ThFitted","type","freq","rss"
"4",100,0.74,32.2,10,1.05,4.9,"minimum",34291,0.0505244406293892
"1",100,1.53,28.1,5.8,1.05,21.9,"minimum",31140,0.522390914047271
"5",100,0.72,32.5,4.3,1.05,8.6,"minimum",8089,0
"9",100,1.53,28.2,5.8,1.05,21.9,"minimum",5434,0.471171673743136
"2",100.1,1.64,44,6.2,1.04,49,"minimum",4320,1.0190451413323
"3",121.2,5,1.2,2.1,1.97,2.1,"minimum",1510,2298.04221868108
"11",100,1.52,28.1,5.8,1.05,21.8,"minimum",1411,3.52856720544009
"16",100.1,1.64,44.7,6.1,1.04,50,"minimum",924,15.3135244719841
"13",100,1.52,28.1,5.8,1.05,21.9,"minimum",894,8.01328873935487
"18",100,5,22.4,19.3,1.06,4.1,"saddle",604,4.1604898589664
"10",100.7,5,19.2,14,0.82,19.2,"saddle",567,50.0754607727503
"19",100,0.74,32.1,10,1.05,4.9,"minimum",518,0.190864458059259
"17",100,1.53,28.2,5.8,1.05,22,"minimum",339,0.204199335111688
"63",100.1,1.64,43.9,6.2,1.04,48.9,"minimum",339,0.393778307297661
"7",100,1.52,28.1,5.8,1.05,21.7,"minimum",264,0.90781414464391
"25",100,1.53,28.2,5.8,1.05,22.1,"minimum",188,1.79557383482872
"61",100.1,1.64,44,6.2,1.04,49.1,"minimum",134,0.264803042640507
"26",121,5,1,2.3,1.96,1,"saddle",106,2299.92647577512
"112",100.1,1.69,34.2,6.4,1.04,34.4,"saddle",103,0.465578497504015
"94",100.1,1.69,33.7,6.4,1.04,33.6,"saddle",102,0.557487754238669
"67",100.1,1.69,33.5,6.4,1.04,33.3,"saddle",97,0.786066442423076
"127",100.1,1.69,34.1,6.4,1.04,34.3,"saddle",94,1.10126171948391
"55",100,1.52,28.1,5.8,1.05,21.6,"minimum",92,0.158385502901341
"51",100.1,1.69,34.3,6.4,1.04,34.6,"saddle",91,0.774073618570795
"154",100.1,1.69,33.6,6.4,1.04,33.4,"saddle",88,0.353182221470035
"76",100.1,1.69,33.4,6.4,1.04,33.1,"saddle",86,0.458387754833089
"128",100.1,1.69,33.3,6.4,1.04,32.9,"saddle",83,0.3220926171212
"69",100.1,1.69,33.8,6.4,1.04,33.8,"saddle",81,0.944559777193853
"34",100.1,0.65,33.8,6.4,1.04,6.4,"saddle",80,0.944559777193836
"178",100.1,1.69,34.5,6.4,1.04,34.9,"saddle",80,0.531412642984898
"242",100.1,1.64,44.1,6.2,1.04,49.1,"minimum",77,2.04613134917274
"146",100.1,1.69,33.6,6.4,1.04,33.5,"saddle",74,1.29958123783156
"40",100,1.54,28.2,5.8,1.05,22.2,"minimum",72,0.114637997678504
"157",100.1,1.69,33.3,6.4,1.04,33,"saddle",72,1.08594134969676
"82",100.1,1.69,33.2,6.4,1.04,32.8,"saddle",71,0.634248270936611
"20",99.9,1.04,28.6,4.4,1.05,13.3,"saddle",68,0.621287728914715
"35",100.1,1.69,33.9,6.4,1.04,33.9,"saddle",67,0.403828522358053
"159",100.1,1.69,34.4,6.4,1.04,34.8,"saddle",66,1.24915694947607
"68",100.1,1.69,34.2,6.4,1.04,34.5,"saddle",64,1.70652361869822
"153",100.1,1.69,34.4,6.4,1.04,34.7,"saddle",64,0.349289355205478
"210",100.1,1.69,34.6,6.4,1.04,35.1,"saddle",63,0.877508007209288
"8",100.1,1.64,44.6,6.1,1.04,49.9,"minimum",62,12.1768055137206
"129",100.1,1.69,33.1,6.4,1.04,32.6,"saddle",62,0.377200486458598
"123",100.1,1.69,33.9,6.4,1.04,34,"saddle",59,1.50902050656033
"38",100.1,1.69,34,6.4,1.04,34.1,"saddle",58,0.665292779883133
"151",100.1,1.69,33.4,6.4,1.04,33.2,"saddle",58,1.72663929610943
"42",100.1,1.69,33.5,6.4,1.04,33.2,"saddle",55,0.337099195059016
"231",100.1,1.64,43.9,6.2,1.04,48.8,"minimum",55,1.38560953653995
"48",99.9,1.04,28.6,4.4,1.05,13.4,"saddle",52,1.68957858996893
"6",100.1,1.65,43.4,6.2,1.04,48.2,"minimum",51,7.67204815644813
"132",100.1,1.69,34.1,6.4,1.04,34.2,"saddle",51,0.328796527108968
"208",100.1,1.69,34.7,6.4,1.04,35.2,"saddle",50,0.377299625109302
"62",100.1,1.64,44.2,6.2,1.04,49.3,"minimum",49,1.59310355554877
"138",100.1,1.69,33,6.4,1.04,32.4,"saddle",48,0.320518759614229
"218",100.1,1.69,34.8,6.4,1.04,35.4,"saddle",48,0.59567548540371
"32",100.1,1.64,44.1,6.2,1.04,49.2,"minimum",47,0.727653730568193
"204",100.1,1.64,43.8,6.2,1.04,48.7,"minimum",47,0.596034507974258
"90",100.1,1.69,32.9,6.4,1.04,32.3,"saddle",46,0.499096742069493
"274",100.1,1.64,43.7,6.2,1.04,48.6,"minimum",44,0.209439484714378
"36",100.1,1.65,42.8,6.2,1.04,47.3,"minimum",42,3.85027323036838
"53",100.1,1.69,33.7,6.4,1.04,33.7,"saddle",42,1.993463771049
"298",100.1,1.65,42.5,6.2,1.04,46.9,"minimum",41,1.65939128606919
"56",100.1,1.65,42.3,6.2,1.04,46.6,"minimum",40,1.10543805171066
"250",100.1,1.64,43.8,6.2,1.04,48.8,"minimum",40,0.17228575823568
"71",100,1.54,28.3,5.9,1.05,22.3,"minimum",39,2.2724221681414
"166",100.1,1.65,43.3,6.2,1.04,48,"minimum",38,8.62978929378462
"281",100.1,1.65,43,6.2,1.04,47.6,"minimum",38,4.96092899844538
"191",100.1,1.65,42.6,6.2,1.04,47,"minimum",36,2.89794051349006
"193",100.1,1.65,43.1,6.2,1.04,47.7,"minimum",36,7.10955319784683
"57",100.1,1.65,43.2,6.2,1.04,47.9,"minimum",35,6.23362593748525
"83",100.1,1.69,34.6,6.4,1.04,35,"saddle",35,0.320365980836348
"44",100.1,1.69,33.8,6.4,1.04,33.7,"saddle",34,0.322157654495901
"195",100.1,1.69,34.9,6.4,1.04,35.6,"saddle",34,0.970612036982243
"197",100.1,1.69,34,6.4,1.04,34.2,"saddle",34,2.24556997250635
"317",100.1,1.65,42.7,6.2,1.04,47.2,"minimum",34,2.36623144791995
"133",100.1,1.69,33,6.4,1.04,32.5,"saddle",33,0.877333325275013
"172",100.1,1.69,34.7,6.4,1.04,35.3,"saddle",33,1.3826107828128
"205",100.1,1.65,43.4,6.2,1.04,48.1,"minimum",33,11.4401777582599
"236",100.1,1.69,35,6.4,1.04,35.7,"saddle",32,0.407813245167301
"262",100.1,1.65,42.9,6.2,1.04,47.4,"minimum",32,5.75294939979548
"21",100.1,1.64,44,6.2,1.04,48.9,"minimum",31,2.57621363744835
"64",100,1.51,28.1,5.8,1.05,21.5,"minimum",30,1.49381385605936
"187",100.1,1.69,33.2,6.4,1.04,32.7,"saddle",29,0.382807955244628
"339",100.1,1.65,42.4,6.2,1.04,46.7,"minimum",29,2.10017975832703
"111",100.1,1.69,34.3,6.4,1.04,34.7,"saddle",28,2.47594331424979
"115",100.1,1.69,34.3,6.4,1.04,34.5,"saddle",28,0.336177737480321
"318",100.1,1.65,42.7,6.2,1.04,47.1,"minimum",28,4.55630020533443
"37",100.1,1.64,44.6,6.1,1.04,49.8,"minimum",27,16.5721482950657
"126",100,1.51,28.1,5.8,1.05,21.6,"minimum",27,4.51855098901592
"201",100.1,1.69,35.1,6.4,1.04,35.9,"saddle",27,0.654008906023987
"54",99.9,1.03,28.6,4.4,1.05,13.3,"saddle",26,5.96857990503747
"162",100.1,1.69,33.1,6.4,1.04,32.7,"saddle",26,1.45358039257647
"189",100.1,1.69,34.9,6.4,1.04,35.5,"saddle",26,0.315814181162104
"277",100.1,1.65,42.2,6.2,1.04,46.5,"minimum",26,0.53370372029657
"158",100.1,1.69,34.5,6.4,1.04,35,"saddle",24,1.88577928865468
"247",100.1,1.69,32.8,6.4,1.04,32.1,"saddle",23,0.324686855953997
"345",100.1,1.64,43.5,6.2,1.04,48.3,"minimum",23,0.171009009655735
"190",100.1,1.69,35.2,6.4,1.04,36,"saddle",22,0.318125046643079
"225",100.1,1.69,35.1,6.4,1.04,35.8,"saddle",21,0.351089321462411
"288",100.1,1.65,42.1,6.2,1.04,46.3,"minimum",21,0.700548117180892
"319",100.1,1.65,43.1,6.2,1.04,47.8,"minimum",21,4.2537064224246
"140",100.1,1.64,44.3,6.2,1.04,49.4,"minimum",20,2.8592000347014
"309",100.1,1.64,43.6,6.2,1.04,48.4,"minimum",20,0.32048288155055
"346",100.1,1.66,41.8,6.2,1.04,45.9,"minimum",20,9.76460680161492
"164",100.1,1.64,43.6,6.2,1.04,48.5,"minimum",19,0.227781716705691
"170",100.1,1.69,34,6.4,1.04,34,"saddle",19,0.368928814898989
"243",100.1,1.69,35.3,6.4,1.04,36.2,"saddle",19,0.43707370947442
"273",100.1,1.66,41.9,6.2,1.04,46,"minimum",19,12.7328106975932
"324",100.1,1.65,43.2,6.2,1.04,47.8,"minimum",19,9.67360179115339
"203",100.1,1.65,43.3,6.2,1.04,48.1,"minimum",18,5.44182455575647
"261",100.1,1.65,42.9,6.2,1.04,47.5,"minimum",18,3.22975025965029
"39",100.1,1.64,44.4,6.1,1.04,49.6,"minimum",17,10.3837438028538
"102",100.1,1.64,44.5,6.1,1.04,49.7,"minimum",17,13.2805581878016
"167",100.1,1.66,41.7,6.2,1.04,45.7,"minimum",17,10.8856717833664
"202",100.1,1.65,42,6.2,1.04,46.1,"minimum",17,0.953211557534603
"237",100.1,1.69,34.8,6.4,1.04,35.3,"saddle",17,0.382811466949974
"291",100.1,1.66,41.4,6.3,1.04,45.3,"minimum",17,0.834135621413732
"299",100.1,1.65,42.2,6.2,1.04,46.4,"minimum",17,1.45320800143568
"300",100.1,1.65,42.6,6.2,1.04,47.1,"minimum",17,1.30285374067831
"340",100.1,1.65,42,6.2,1.04,46.2,"minimum",17,0.37204748132817
"107",100,1.54,28.3,5.9,1.05,22.4,"minimum",16,5.80672382420186
"137",100.1,1.69,32.7,6.4,1.04,31.9,"saddle",16,0.360001491826497
"282",100.1,1.65,42.5,6.2,1.04,46.8,"minimum",16,3.51589500736339
"366",100.1,1.66,41.3,6.3,1.04,45.1,"minimum",16,1.19939104207668
"310",100.1,1.64,44.3,6.2,1.04,49.5,"minimum",15,1.21465919260091
"397",100.1,1.65,42.4,6.2,1.04,46.8,"minimum",15,0.842684328129419
"142",100.1,1.69,32.9,6.4,1.04,32.2,"saddle",14,0.470004596887627
"175",100.1,1.69,33.4,6.4,1.04,33,"saddle",14,0.514773335660552
"365",100.1,1.66,41.5,6.3,1.04,45.4,"minimum",14,1.81191061000547
"66",100.1,1.66,40.9,6.3,1.04,44.6,"minimum",13,0.226416822225324
"259",100.1,1.69,33.2,6.4,1.04,32.9,"saddle",13,2.22210293515469
"327",100.1,1.64,43.7,6.2,1.04,48.5,"minimum",13,0.874085133174434
"347",100.1,1.65,43.5,6.2,1.04,48.3,"minimum",13,10.3173014470275
"24",100,0.74,32.2,9.9,1.05,5,"minimum",12,0.0549093014959336
"60",100.1,1.69,33.8,6.4,1.04,33.9,"saddle",12,2.86232432612441
"77",100,1.51,28,5.8,1.05,21.5,"minimum",12,5.74974826373653
"122",100,1.54,28.2,5.8,1.05,22.1,"minimum",12,0.805260991116077
"216",100.1,1.66,41.8,6.2,1.04,45.8,"minimum",12,14.0350466139458
"292",100.1,1.65,42.1,6.2,1.04,46.2,"minimum",12,1.88881611943487
"350",100.1,1.66,41,6.3,1.04,44.7,"minimum",12,0.260889895532958
"155",100.1,1.69,33.7,6.4,1.04,33.5,"saddle",11,0.425646288397854
"161",100.1,1.69,33.5,6.4,1.04,33.4,"saddle",11,2.55078160808463
"207",100,1.51,28,5.8,1.05,21.4,"minimum",11,2.14024700177885
"233",100.1,1.69,33.1,6.4,1.04,32.5,"saddle",11,0.646240584837351
"249",100.1,1.69,35.4,6.4,1.04,36.3,"saddle",11,0.330859487734336
"290",100.1,1.66,41.6,6.2,1.04,45.6,"minimum",11,8.17038716045382
"293",100.1,1.69,35,6.4,1.04,35.8,"saddle",11,1.49730144334987
"315",100.1,1.69,32.7,6.4,1.04,32,"saddle",11,0.684562524657525
"328",100.1,1.65,42.8,6.2,1.04,47.2,"minimum",11,6.63244489626063
"341",100.1,1.66,41.7,6.2,1.04,45.8,"minimum",11,7.23138868937029
"41",100.1,1.64,44.2,6.2,1.04,49.2,"minimum",10,3.47308837027409
"91",100.1,1.69,35.7,6.4,1.04,36.8,"saddle",10,0.319499234906158
"114",100.1,1.64,44.5,6.1,1.04,49.8,"minimum",10,9.43560727868786
"226",100.1,1.69,35.2,6.4,1.04,36.1,"saddle",10,1.0496743022447
"270",100.1,1.66,40.5,6.3,1.04,44,"minimum",10,0.729145814531008
"305",100,1.54,28.2,5.9,1.05,22.2,"minimum",10,3.19547170156196
"308",100.1,1.66,41.6,6.3,1.04,45.5,"minimum",10,3.2278937364456
"323",100.1,1.64,43.5,6.2,1.04,48.4,"minimum",10,0.653024761702619
"360",100.1,1.66,41.1,6.3,1.04,44.8,"minimum",10,0.738025397712376
"361",100.1,1.66,40.8,6.3,1.04,44.4,"minimum",10,0.194090017126281
"434",100.1,1.65,43,6.2,1.04,47.5,"minimum",10,8.07223664559139
"185",100.1,1.69,35.3,6.4,1.04,36.1,"saddle",9,0.487306272473182
"221",100.1,1.69,34.8,6.4,1.04,35.5,"saddle",9,2.04183079735555
"235",100.1,1.69,35.8,6.4,1.04,37,"saddle",9,0.331779929461627
"326",100.1,1.64,44.2,6.2,1.04,49.4,"minimum",9,0.508966534959789
"392",100.1,1.66,41.3,6.3,1.04,45.2,"minimum",9,0.296676538408706
"58",99.9,1.03,28.7,4.4,1.05,13.3,"saddle",8,2.83606566526709
"222",100.1,1.69,32.8,6.4,1.04,32.2,"saddle",8,1.18431504605918
"223",100.1,1.69,35,6.4,1.04,35.6,"saddle",8,0.540685857280472
"307",100.1,1.66,41.4,6.3,1.04,45.2,"minimum",8,2.36529598526651
"312",100.1,1.69,36.1,6.4,1.04,37.5,"saddle",8,0.340183924546853
"314",100.1,1.67,39.6,6.3,1.04,42.7,"minimum",8,0.813738564204006
"329",100.1,1.65,43,6.2,1.04,47.7,"minimum",8,2.69205593321905
"362",100.1,1.69,35.6,6.4,1.04,36.6,"saddle",8,0.450305142727468
"374",100.1,1.67,39.7,6.3,1.04,42.8,"minimum",8,1.71354118005057
"376",100.1,1.67,39.8,6.3,1.04,43,"minimum",8,1.27196220370677
"394",100.1,1.66,41.2,6.3,1.04,45,"minimum",8,0.47287257348879
"406",100.1,1.65,42.8,6.2,1.04,47.4,"minimum",8,1.91804446306901
"431",100.1,1.64,44.4,6.2,1.04,49.5,"minimum",8,4.52399706872327
"22",100.7,5,19.2,14,0.82,19.1,"saddle",7,56.1199325755091
"43",100,0.75,32.1,10.1,1.05,4.9,"minimum",7,0.770677479574529
"109",100,1.55,28.3,5.9,1.05,22.5,"minimum",7,1.47559687573555
"227",100.1,1.69,35.6,6.4,1.04,36.7,"saddle",7,0.462519770569824
"240",100.1,1.69,35.5,6.4,1.04,36.5,"saddle",7,0.324120284553548
"344",100.1,1.66,41.1,6.3,1.04,44.9,"minimum",7,0.187850185497116
"352",100.1,1.66,41.6,6.3,1.04,45.6,"minimum",7,1.34874808692487
"353",100.1,1.65,42.3,6.2,1.04,46.5,"minimum",7,2.62799136188814
"359",100.1,1.66,40.7,6.3,1.04,44.3,"minimum",7,0.408237358692796
"49",99.9,1.03,28.7,4.4,1.05,13.2,"saddle",6,0.820783905178573
"52",100.7,5,19.2,14,0.82,19.3,"saddle",6,45.2597875882737
"93",100.1,1.64,44.4,6.2,1.04,49.6,"minimum",6,2.32176383440318
"119",100,1.54,28.3,5.9,1.05,22.2,"minimum",6,0.577986172283057
"176",100.1,1.69,34.6,6.4,1.04,35.2,"saddle",6,2.67896673976103
"179",100.1,1.67,40.2,6.3,1.04,43.6,"minimum",6,2.64453525306266
"224",100.1,1.69,36.2,6.4,1.04,37.6,"saddle",6,0.418169483804808
"238",100,1.51,28,5.7,1.05,21.4,"minimum",6,0.142386194511654
"251",100.1,1.69,36,6.4,1.04,37.3,"saddle",6,0.315508298414467
"258",100.1,1.69,34.5,6.4,1.04,34.8,"saddle",6,0.429830203611609
"268",100.1,1.69,32.6,6.4,1.04,31.8,"saddle",6,0.392205270784744
"272",100.1,1.69,35.4,6.4,1.04,36.4,"saddle",6,0.703288088310472
"294",100.1,1.66,41.4,6.3,1.04,45.4,"minimum",6,0.206499255235229
"368",100.1,1.69,35.7,6.4,1.04,36.9,"saddle",6,0.741559919794516
"407",100.1,1.67,40.4,6.3,1.04,43.8,"minimum",6,6.43629390395892
"432",100.1,1.67,40.1,6.3,1.04,43.4,"minimum",6,3.29044548874497
"435",100.1,1.67,40.3,6.3,1.04,43.7,"minimum",6,4.31213681039272
"47",100.7,5,18.8,14.4,0.82,14.4,"saddle",5,46.5732814328347
"59",100,0.74,32.1,10.1,1.05,4.9,"minimum",5,1.33604297603026
"80",100.7,5,19.1,14,0.82,19,"saddle",5,38.0513222788395
"113",100,1.56,28.5,5.9,1.05,23,"minimum",5,1.45722363804782
"120",100,1.56,28.4,5.9,1.05,22.8,"minimum",5,0.410366056572558
"139",100.1,1.69,32.6,6.4,1.04,31.7,"saddle",5,0.61102048895161
"150",100.1,1.66,30.6,6.3,1.04,28,"saddle",5,0.234894437050008
"252",100.1,1.69,36,6.4,1.04,37.2,"saddle",5,1.02665644776099
"271",100.1,1.66,41.9,6.2,1.04,45.9,"minimum",5,17.6164184843519
"297",100.1,1.68,37.7,6.4,1.04,39.8,"saddle",5,0.347261988185974
"320",100,1.55,28.4,5.9,1.05,22.6,"minimum",5,0.874881599958406
"348",100.1,1.69,36.6,6.4,1.04,38.2,"saddle",5,0.998248612537883
"356",100.1,1.68,38.2,6.4,1.04,40.6,"saddle",5,0.293066611588518
"357",100.1,1.67,39.5,6.3,1.04,42.5,"minimum",5,1.14987454722381
"380",100.1,1.66,40.7,6.3,1.04,44.2,"minimum",5,0.252504111139892
"386",100.1,1.67,38.9,6.3,1.04,41.6,"minimum",5,0.306865443333342
"427",100.1,1.66,41.5,6.3,1.04,45.5,"minimum",5,0.557006548752086
"442",100.1,1.69,36.9,6.4,1.04,38.7,"saddle",5,1.02352648628393
"15",100.1,1.67,40,6.3,1.04,43.3,"minimum",4,1.88080874704203
"50",100.1,1.64,44.7,6.1,1.04,49.9,"minimum",4,20.2565831213867
"103",100.1,0.65,33.8,6.5,1.04,6.4,"saddle",4,2.44007314688727
"160",100.1,1.69,32.2,6.4,1.04,31.1,"saddle",4,0.356962598103055
"184",100.1,1.68,31.6,6.4,1.04,30,"saddle",4,1.13168184074323
"214",100.1,1.69,36.3,6.4,1.04,37.8,"saddle",4,0.318451958990879
"228",100.1,1.69,36.7,6.4,1.04,38.3,"saddle",4,2.07566458681911
"269",100.1,1.67,40.2,6.3,1.04,43.5,"minimum",4,5.15782957638726
"279",100.1,1.69,36.1,6.4,1.04,37.4,"saddle",4,0.652813315360733
"286",100.1,1.68,31.7,6.4,1.04,30.1,"saddle",4,0.509933924038207
"287",100.1,1.65,42.1,6.2,1.04,46.4,"minimum",4,0.387016884136789
"358",100.1,1.68,38.5,6.3,1.04,41.1,"minimum",4,3.92751850347701
"387",100.1,1.69,32.3,6.4,1.04,31.3,"saddle",4,0.326849806788017
"399",100.1,1.66,41.2,6.3,1.04,44.9,"minimum",4,1.6557119691137
"445",100.1,1.66,40.6,6.3,1.04,44.1,"minimum",4,0.26834834893601
"30",100.7,5,19.2,14,0.82,19.4,"saddle",3,41.6684407941015
"105",100.7,5,19.5,14.1,0.82,20.9,"saddle",3,38.1459317100251
"118",100.7,5,19.2,14,0.83,19.2,"saddle",3,39.9250089895878
"136",100,1.55,28.3,5.9,1.05,22.4,"minimum",3,0.219572697063156
"163",100.1,1.68,38.1,6.4,1.04,40.5,"saddle",3,0.419926470730856
"174",100.1,1.69,32,6.4,1.04,30.7,"saddle",3,1.11237574361724
"192",100.1,1.69,32,6.4,1.04,30.8,"saddle",3,0.318073310573518
"196",100.1,1.67,39.1,6.3,1.04,41.9,"minimum",3,0.450821852806425
"209",100.1,1.67,39,6.3,1.04,41.8,"minimum",3,0.299914438554148
"215",100.1,1.69,36.3,6.4,1.04,37.7,"saddle",3,0.999593326595908
"239",100.1,1.69,32.5,6.4,1.04,31.5,"saddle",3,1.0838060983492
"246",100.1,1.68,31.8,6.4,1.04,30.4,"saddle",3,2.94770774361576
"280",100.1,1.64,43.7,6.2,1.04,48.7,"minimum",3,0.356528747432557
"283",100.1,1.68,37.5,6.4,1.04,39.5,"saddle",3,0.504990002967404
"302",100,1.57,28.6,6,1.05,23.3,"minimum",3,5.05710974256093
"303",100.1,1.67,39.5,6.3,1.04,42.6,"minimum",3,0.376214375105572
"311",100.1,1.69,35.9,6.4,1.04,37.2,"saddle",3,0.482725462837164
"338",100.1,1.69,32.1,6.4,1.04,30.8,"saddle",3,2.25411148883382
"342",100,1.55,28.4,5.9,1.05,22.7,"minimum",3,3.30356446905571
"349",100.1,1.68,37.8,6.4,1.04,40,"saddle",3,0.463706482926429
"351",100.1,1.69,36.2,6.4,1.04,37.5,"saddle",3,1.49229803378504
"364",100.1,1.67,31,6.3,1.04,28.8,"saddle",3,0.810900989455624
"373",100.1,1.69,35.8,6.4,1.04,36.9,"saddle",3,0.68078589368708
"381",100.1,1.67,39.9,6.3,1.04,43.1,"minimum",3,2.42565215531953
"401",100.1,1.66,40.8,6.3,1.04,44.5,"minimum",3,0.636723791964373
"405",100.1,1.68,31.9,6.4,1.04,30.5,"saddle",3,1.62093791654614
"420",100.1,1.69,36.4,6.4,1.04,37.8,"saddle",3,2.08211427182647
"424",100.1,1.68,31.7,6.4,1.04,30.2,"saddle",3,1.91549773957814
"450",100.1,1.69,32.5,6.4,1.04,31.6,"saddle",3,0.313239099156954
"456",100.1,1.67,39.4,6.3,1.04,42.4,"minimum",3,0.501858650308017
"461",100.1,1.65,43.5,6.2,1.04,48.2,"minimum",3,14.6627790599754
"462",100.1,1.69,35.9,6.4,1.04,37.1,"saddle",3,0.427593368123845
"479",100.1,1.68,38.7,6.3,1.04,41.3,"minimum",3,8.34773598133868
"494",100.1,1.66,40.9,6.3,1.04,44.5,"minimum",3,0.423757519433341
"12",100.7,5,18.8,14.4,0.82,14.3,"saddle",2,51.9424041766386
"65",100,0.74,32.2,9.9,1.05,4.9,"minimum",2,0.977611586851863
"70",100.7,5,19.6,14.1,0.82,21.2,"saddle",2,42.2056868786074
"95",100.7,5,19.5,14.1,0.82,20.8,"saddle",2,38.0369950721054
"97",100.7,5,18.8,14.4,0.82,14.5,"saddle",2,42.5706676063515
"98",100.7,5,18.8,14.3,0.82,15.1,"saddle",2,42.9467723936348
"99",100.7,5,19.6,14.1,0.82,21.5,"saddle",2,38.3558435524432
"104",100.1,1.64,44.4,6.1,1.04,49.7,"minimum",2,7.09187098354634
"124",100.1,1.62,29.3,6.1,1.04,25.2,"minimum",2,4.3774644666032
"130",100.6,5,19.8,14.2,0.81,22.3,"saddle",2,38.7379893022139
"131",100.7,5,18.8,14.1,0.82,16.6,"saddle",2,38.3081846660873
"148",100.1,1.68,31.4,6.4,1.04,29.6,"saddle",2,0.336759392717621
"149",100.1,1.69,32.4,6.4,1.04,31.3,"saddle",2,1.78450337532744
"152",100.7,5,18.8,14.2,0.82,15.9,"saddle",2,38.7378927630952
"156",100.7,5,19.1,14,0.82,18.7,"saddle",2,44.9330896270249
"165",100.1,1.68,31.6,6.4,1.04,29.9,"saddle",2,0.337050280509822
"194",100.1,1.66,30.5,6.3,1.04,27.8,"saddle",2,0.395564076158042
"211",100.7,5,20,14.3,0.81,23.1,"saddle",2,40.2082323306642
"217",100.1,1.68,37.3,6.4,1.04,39.2,"saddle",2,0.784336626366321
"219",100.1,1.66,30.2,6.3,1.04,27.3,"saddle",2,0.825741976669407
"229",100.1,1.69,36.5,6.4,1.04,38,"saddle",2,1.47238723534147
"232",100.1,1.58,28.7,6,1.05,23.7,"minimum",2,2.80039910850604
"248",100.1,1.69,32.1,6.4,1.04,30.9,"saddle",2,0.616688523862874
"257",100.1,1.67,31.1,6.3,1.04,29,"saddle",2,0.419698720168469
"264",100.1,1.57,28.5,5.9,1.05,23.1,"minimum",2,0.907664403342076
"265",100.1,1.69,36.8,6.4,1.04,38.6,"saddle",2,0.44028677976644
"266",100.7,5,18.9,14.1,0.82,16.9,"saddle",2,43.697952708699
"276",100.1,1.69,32.3,6.4,1.04,31.2,"saddle",2,0.819878173578428
"284",100.6,5,20,14.3,0.81,23.2,"saddle",2,45.7051311438418
"289",100.1,1.69,36.7,6.4,1.04,38.4,"saddle",2,0.655569309154189
"304",100.1,1.69,32.4,6.4,1.04,31.4,"saddle",2,0.453742726833816
"316",100.1,1.68,31.8,6.4,1.04,30.3,"saddle",2,0.940175641279564
"367",100,1.5,28,5.7,1.05,21.3,"minimum",2,1.07019716531253
"370",100.1,1.67,38.9,6.3,1.04,41.7,"minimum",2,0.614693553939014
"372",100.1,1.67,40,6.3,1.04,43.2,"minimum",2,4.03826706977761
"375",100,1.56,28.5,5.9,1.05,22.9,"minimum",2,0.172540442824124
"379",100.1,1.67,39.3,6.3,1.04,42.3,"minimum",2,0.3172716430412
"383",100.1,1.67,39.9,6.3,1.04,43.2,"minimum",2,0.931106410421134
"384",100.1,1.65,42.3,6.2,1.04,46.7,"minimum",2,0.449857771210529
"389",100.1,1.68,37.2,6.4,1.04,39.1,"saddle",2,1.66981819060687
"391",100.1,1.68,37.1,6.4,1.04,38.9,"saddle",2,1.1808161888584
"393",100,1.5,28,5.7,1.05,21.2,"minimum",2,0.0746141265049615
"396",100.1,1.68,38.7,6.3,1.04,41.4,"minimum",2,4.98010238851274
"398",100.1,1.69,36.4,6.4,1.04,37.9,"saddle",2,0.644248857014535
"400",100.1,1.67,39.8,6.3,1.04,42.9,"minimum",2,3.07343211883459
"402",100.1,1.68,38.3,6.4,1.04,40.8,"minimum",2,0.281720204516962
"408",100.1,1.66,30.3,6.3,1.04,27.5,"saddle",2,0.352342627776203
"410",100.1,1.69,36.5,6.4,1.04,38.1,"saddle",2,0.422064179636553
"411",100.1,1.67,30.9,6.3,1.04,28.6,"saddle",2,1.51029956352109
"412",100.1,1.68,37.2,6.4,1.04,39.2,"saddle",2,3.89434832726136
"419",100.1,1.66,40.4,6.3,1.04,43.9,"minimum",2,1.6370172946507
"425",100.1,1.68,38,6.4,1.04,40.3,"saddle",2,0.312029800327154
"426",100.1,1.68,37.6,6.4,1.04,39.7,"saddle",2,0.743578517912468
"433",100.1,1.69,31.9,6.4,1.04,30.5,"saddle",2,1.85045742811062
"437",100.1,1.69,32.4,6.4,1.04,31.5,"saddle",2,0.520086604528402
"440",100.1,1.69,35.5,6.4,1.04,36.6,"saddle",2,1.1121926136981
"447",100.1,1.69,36.8,6.4,1.04,38.5,"saddle",2,1.48468398631017
"449",100.1,1.69,32.1,6.4,1.04,31,"saddle",2,0.398098704641477
"452",100.1,1.69,32.2,6.4,1.04,31,"saddle",2,1.41789115786695
"454",100.1,1.65,43.3,6.2,1.04,47.9,"minimum",2,12.6510601378473
"458",100.1,1.68,31.2,6.3,1.04,29.2,"saddle",2,5.67308845065165
"463",100.1,1.64,29.7,6.2,1.04,26.1,"saddle",2,4.07501300242882
"466",100.1,1.68,38.3,6.4,1.04,40.7,"minimum",2,0.648643724802202
"469",100.1,1.69,34.1,6.4,1.04,34.4,"saddle",2,3.14898559429349
"14",100.1,0.65,33.8,6.4,1.04,6.5,"saddle",1,3.82328852530935
"23",100.7,5,18.9,14.1,0.82,17.2,"saddle",1,38.0209046768587
"27",100.7,5,18.8,14.2,0.82,16.1,"saddle",1,39.2783332082867
"28",100.7,5,18.8,14.2,0.82,16.3,"saddle",1,45.0622298551455
"29",100,0.74,32.3,9.9,1.05,5,"minimum",1,0.262526362553952
"31",100.7,5,18.9,14.1,0.83,17.2,"saddle",1,41.5130259325499
"33",100.7,5,18.8,14.1,0.82,16.7,"saddle",1,38.9190653286729
"45",100.7,5,18.8,14.5,0.82,14.2,"saddle",1,38.8074758141646
"46",100.7,5,19,14,0.82,18.3,"saddle",1,39.1046794929035
"72",100.7,5,18.9,14.1,0.82,17.6,"saddle",1,48.3573370953743
"73",100.7,5,18.9,14.1,0.82,17.3,"saddle",1,38.6954836774406
"74",100,5,22.4,19.3,1.06,4.1,"minimum",1,4.1604898589664
"75",100.7,5,18.9,14,0.83,17.3,"saddle",1,43.6815086592229
"78",100.1,1.58,28.7,6,1.05,23.6,"minimum",1,0.618821769124965
"79",100.6,5,18.8,14.7,0.81,13.3,"saddle",1,44.3984946044679
"81",100.7,5,19.6,14.1,0.82,21.3,"saddle",1,39.7626443105716
"84",100.7,5,18.8,14.1,0.82,16.8,"saddle",1,40.8243837082284
"85",100.7,5,18.8,14.2,0.82,15.7,"saddle",1,43.4765264337807
"86",100,0.77,31.7,10.5,1.05,4.8,"minimum",1,0.217752538362034
"87",100.5,5,20.3,14.5,0.79,24,"saddle",1,39.7014336082645
"88",100.6,5,20.4,14.5,0.8,24.4,"saddle",1,40.1753526853666
"89",100.7,5,18.8,14.3,0.82,14.8,"saddle",1,59.467342095888
"92",100.7,5,19,14,0.83,17.8,"saddle",1,47.5788645289806
"96",100.6,5,18.8,14.5,0.81,13.9,"saddle",1,45.4236824277413
"100",100.6,5,19.9,14.3,0.81,22.7,"saddle",1,51.7448052843773
"101",100,5,22.3,19.2,1.06,4.1,"saddle",1,4.72777747557862
"106",100.7,5,19.4,14.1,0.82,20.4,"saddle",1,39.5833948358664
"108",100.1,1.63,29.6,6.2,1.04,25.9,"minimum",1,0.212091157226379
"110",100.7,5,18.9,14.1,0.82,17.4,"saddle",1,40.6460732656537
"116",100.7,5,18.9,14.1,0.83,17.1,"saddle",1,39.1807222862324
"117",100.7,5,19.4,14.1,0.82,20.6,"saddle",1,46.1111926239051
"121",100.7,5,19.8,14.2,0.81,22,"saddle",1,45.6767820974312
"125",100.7,5,18.9,14.2,0.82,16.7,"saddle",1,39.219859854162
"134",100.1,1.61,29.1,6.1,1.04,24.8,"minimum",1,0.881848514072651
"135",100.1,1.65,30.1,6.2,1.04,27.1,"saddle",1,0.884841184280067
"141",100.1,1.59,28.8,6,1.05,23.9,"minimum",1,0.102904250834358
"143",100.5,5,20.2,14.5,0.79,23.6,"saddle",1,43.5883242273864
"144",100.8,5,18.9,14,0.83,17.1,"saddle",1,61.2701452997697
"145",100.7,5,19,14,0.83,18.2,"saddle",1,37.8433797666071
"147",99.9,1.05,28.6,4.4,1.05,13.4,"saddle",1,2.33640025554523
"168",100.6,5,18.9,14.2,0.81,16.8,"saddle",1,38.8272799861756
"169",100.7,5,19.2,14.1,0.82,19.1,"saddle",1,38.2371986053404
"171",100.7,5,19.6,14.1,0.82,21.1,"saddle",1,45.8144464380388
"173",100.1,1.68,31.3,6.3,1.04,29.4,"saddle",1,4.124345125009
"177",100.1,1.67,30.8,6.3,1.04,28.4,"saddle",1,2.52560517554315
"180",99.9,1.05,28.6,4.4,1.05,13.5,"saddle",1,0.68061744346875
"181",100.7,5,19,14,0.83,18,"saddle",1,40.1305004554592
"182",100.7,5,19.5,14.1,0.82,20.7,"saddle",1,39.1020067185412
"183",100.7,5,18.9,14,0.83,17.4,"saddle",1,40.4772146805708
"186",100.1,1.68,31.5,6.4,1.04,29.8,"saddle",1,0.603119497390152
"188",100.7,5,18.8,14.1,0.82,16.3,"saddle",1,44.2868405761199
"198",100.1,1.68,31.3,6.4,1.04,29.3,"saddle",1,1.43225506497467
"199",100.7,5,19.4,14.1,0.82,20.3,"saddle",1,38.0907083605193
"200",100.7,5,18.8,14.1,0.83,16.8,"saddle",1,49.6559538480094
"206",100.6,5,18.9,14.3,0.81,15.9,"saddle",1,39.7815035557798
"212",100,1.49,28,5.7,1.05,21.1,"minimum",1,1.57865511448153
"213",100.7,5,19.4,14.1,0.82,20.5,"saddle",1,42.258386648582
"220",100.7,5,19.3,14,0.82,19.8,"saddle",1,50.7734282565009
"230",100.6,5,20.5,14.5,0.79,24.8,"saddle",1,60.0079013964111
"234",100.1,1.68,31.1,6.3,1.04,29.1,"saddle",1,3.75628337573585
"241",100.6,5,20.4,14.5,0.8,24.5,"saddle",1,40.7743480927138
"244",100.1,5,22.4,15.9,0.71,32.1,"saddle",1,71.6536091949872
"245",100.7,5,19.3,14.1,0.82,19.9,"saddle",1,42.6719196106649
"253",100.6,5,19.7,14.2,0.81,21.7,"saddle",1,38.5604148141712
"254",100.5,5,20.1,14.4,0.8,23.5,"saddle",1,51.2424330377964
"255",100,1.57,28.5,5.9,1.05,23.2,"minimum",1,0.894723053907607
"256",100.1,1.69,32,6.4,1.04,30.6,"saddle",1,3.33495345447197
"260",100.1,1.65,30,6.2,1.04,26.7,"saddle",1,8.5167532116254
"263",100.1,1.69,35.5,6.4,1.04,36.4,"saddle",1,0.728689503034477
"267",100.7,5,19.4,14.1,0.82,20.2,"saddle",1,37.7848141676751
"275",100.1,1.68,37.3,6.4,1.04,39.3,"saddle",1,2.27615093230225
"278",100.6,5,19.7,14.2,0.81,21.9,"saddle",1,42.7787620497544
"285",100.1,1.61,29.1,6.1,1.04,24.6,"minimum",1,7.10835651595151
"295",100.7,5,19.7,14.2,0.81,21.6,"saddle",1,39.1261934668804
"296",100.1,1.68,31.5,6.4,1.04,29.7,"saddle",1,0.428450875763306
"301",100,1.49,27.9,5.7,1.05,21,"minimum",1,2.2768416680558
"306",100.1,1.67,30.7,6.3,1.04,28.3,"saddle",1,1.36066556543149
"313",100,1.51,28,5.7,1.05,21.3,"minimum",1,1.42546774610626
"321",100.6,5,20.9,14.8,0.78,26.7,"saddle",1,48.4279958192526
"322",100.7,5,18.7,14.3,0.82,15.2,"saddle",1,50.6968932856137
"325",100.1,1.69,36.6,6.4,1.04,38.1,"saddle",1,2.80052720954145
"330",100.6,5,19.8,14.2,0.8,22,"saddle",1,55.810664134391
"331",100.7,5,19.3,14.1,0.82,20.1,"saddle",1,51.9899209696735
"332",100,0.72,32.4,4.3,1.05,8.6,"minimum",1,0.32408172808733
"333",100.7,5,19.5,14.1,0.82,20.6,"saddle",1,41.3454412008528
"334",100.7,5,19.1,14,0.82,18.9,"saddle",1,39.1107016387931
"335",100.8,5,19.1,14,0.83,18.8,"saddle",1,38.3307073422324
"336",100.9,5,19.1,13.9,0.85,19.5,"saddle",1,47.4542202913203
"337",100.1,1.69,35.3,6.4,1.04,36.3,"saddle",1,1.5901550167713
"343",100.4,5,21,14.8,0.77,26.6,"saddle",1,59.3970617169759
"354",100.5,5,21.1,14.9,0.77,27.2,"saddle",1,44.061411286362
"355",100.1,1.64,29.9,6.2,1.04,26.6,"saddle",1,0.289429724381445
"363",100.1,1.68,38.2,6.4,1.04,40.7,"saddle",1,0.63566987829318
"369",100.1,1.69,37.1,6.4,1.04,38.9,"saddle",1,3.69160422498793
"371",100.1,1.68,37.4,6.4,1.04,39.5,"saddle",1,2.99588922571007
"377",100.1,1.68,31.2,6.4,1.04,29.3,"saddle",1,0.370932965697125
"378",100.6,5,20.3,14.4,0.8,24.2,"saddle",1,43.1815504972744
"382",100.1,1.69,36.6,6.4,1.04,38.3,"saddle",1,0.328906159611821
"385",100.1,1.67,40.4,6.3,1.04,43.9,"minimum",1,3.56737480400744
"388",100.1,1.67,30.8,6.3,1.04,28.5,"saddle",1,0.718320105889156
"390",100.1,1.69,36.4,6.4,1.04,38,"saddle",1,0.349455823884908
"395",100.6,5,20.5,14.5,0.79,25,"saddle",1,50.1594574656599
"403",100.5,5,19.3,14.1,0.81,19.7,"saddle",1,37.7196465759457
"404",100.5,5,20.3,14.5,0.79,24.2,"saddle",1,42.4788395973402
"409",100.1,1.68,37.1,6.4,1.04,39,"saddle",1,3.04327240303529
"413",100.1,1.67,39.4,6.3,1.04,42.3,"minimum",1,1.5911364925469
"414",100.1,1.67,39.2,6.3,1.04,42.2,"minimum",1,0.598311170155828
"415",100.1,1.67,40.1,6.3,1.04,43.5,"minimum",1,1.43567465376547
"416",100.7,5,19.2,14,0.83,19.8,"saddle",1,48.3134744498248
"417",100.1,1.67,40.3,6.3,1.04,43.8,"minimum",1,2.09736537971844
"418",100,1.58,28.6,6,1.05,23.4,"minimum",1,1.09501375750938
"421",100.1,1.67,40.3,6.3,1.04,43.6,"minimum",1,7.4807802419609
"422",100.1,1.68,31.3,6.4,1.04,29.5,"saddle",1,0.729348054448431
"423",100,1.48,27.9,5.6,1.05,20.6,"minimum",1,3.45800523609625
"428",100.1,1.66,41.9,6.2,1.04,46.1,"minimum",1,8.73885366525478
"429",100.7,5,19.2,14,0.83,19.1,"saddle",1,42.8879122563256
"430",100.1,1.68,37.2,6.4,1.04,39,"saddle",1,0.541256928075115
"436",100.1,1.69,32.5,6.4,1.04,31.7,"saddle",1,0.930493659605355
"438",100.1,1.67,39.3,6.3,1.04,42.2,"minimum",1,0.730393763389467
"439",100,1.56,28.4,5.9,1.05,22.9,"minimum",1,2.36959677339498
"441",100.1,1.65,30,6.2,1.04,26.9,"saddle",1,1.62938378958288
"443",100.1,1.68,38.5,6.3,1.04,41,"minimum",1,6.93589962925556
"444",100.1,1.68,38.6,6.3,1.04,41.2,"minimum",1,5.8991214503052
"446",100.1,1.69,36.9,6.4,1.04,38.6,"saddle",1,2.81390692385912
"448",100.1,1.68,31.5,6.4,1.04,29.9,"saddle",1,2.2406660808927
"451",100.1,1.69,32.8,6.4,1.04,32,"saddle",1,0.831540648663289
"453",100.1,1.59,28.9,6,1.05,24.1,"minimum",1,0.451683432244329
"455",100.1,1.66,41,6.3,1.04,44.8,"minimum",1,0.346439781744871
"457",100.1,1.66,41.2,6.3,1.04,45.1,"minimum",1,0.201647469059636
"459",100.1,1.6,29,6.1,1.04,24.5,"minimum",1,0.150509999157102
"460",100.1,1.65,42.6,6.2,1.04,46.9,"minimum",1,5.35055626726009
"464",100.6,5,20.5,14.5,0.8,24.9,"saddle",1,42.1203246364028
"465",100.1,1.68,38.1,6.4,1.04,40.4,"saddle",1,0.414606547968433
"467",100.1,1.68,31.3,6.3,1.04,29.5,"saddle",1,1.6684451650993
"468",100.1,1.68,37.6,6.4,1.04,39.8,"saddle",1,2.2161963082677
"470",100.1,1.66,40.5,6.3,1.04,44.1,"minimum",1,2.17645972943014
"471",100.1,1.62,29.3,6.1,1.04,25.1,"minimum",1,8.81064819588499
"472",100.1,1.69,31.9,6.4,1.04,30.4,"saddle",1,4.66691620643522
"473",100.1,1.68,38.8,6.3,1.04,41.4,"minimum",1,11.2711054607032
"474",100.1,1.69,35.9,6.4,1.04,37,"saddle",1,1.54404041857993
"475",100.1,1.69,36.2,6.4,1.04,37.7,"saddle",1,0.497342335117817
"476",100.1,1.68,38.9,6.3,1.04,41.6,"minimum",1,9.91745854486816
"477",100.1,1.61,29.1,6.1,1.04,24.7,"minimum",1,3.14457628987127
"478",100.1,1.67,40.1,6.3,1.04,43.3,"minimum",1,6.10762457359449
"480",100.1,1.67,39.2,6.3,1.04,42.1,"minimum",1,0.332023107759752
"481",100.1,1.68,37.4,6.4,1.04,39.4,"saddle",1,1.14712360396586
"482",100.1,1.69,31.9,6.4,1.04,30.6,"saddle",1,0.471761690345576
"483",100.1,1.65,41.9,6.2,1.04,46.1,"minimum",1,0.469748113572042
"484",100.1,1.61,29.2,6.1,1.04,24.9,"minimum",1,1.66042612646738
"485",100.1,1.69,37,6.4,1.04,38.8,"saddle",1,2.10807962865
"486",100.6,5,19.8,14.2,0.81,22,"saddle",1,41.8410892597643
"487",100.1,1.6,28.9,6.1,1.05,24.2,"minimum",1,1.22307150006637
"488",100.1,1.68,31.4,6.4,1.04,29.7,"saddle",1,1.35494638254791
"489",100.1,1.68,37.9,6.4,1.04,40.2,"saddle",1,0.693025557088378
"490",100.1,1.69,36.8,6.4,1.04,38.4,"saddle",1,3.65197351944995
"491",100.1,1.69,32.9,6.4,1.04,32.4,"saddle",1,1.88554951764714
"492",100.1,1.67,30.6,6.3,1.04,28,"saddle",1,5.53524925276292
"493",100.1,1.67,30.7,6.3,1.04,28.2,"saddle",1,3.86462223932921
